predictor,knot_index,knot_value
predictor_age,1,34
predictor_age,2,59
predictor_age,3,71
predictor_age,4,88
predictor_episode_peak_nee,1,0.1001
predictor_episode_peak_nee,2,0.230255
predictor_episode_peak_nee,3,0.451745
predictor_episode_peak_nee,4,1.40805
predictor_last_positive_nee,1,0.01
predictor_last_positive_nee,2,0.03
predictor_last_positive_nee,3,0.05
predictor_last_positive_nee,4,0.2
predictor_positive_nee_hours,1,8.33333333333333
predictor_positive_nee_hours,2,23.7258333333333
predictor_positive_nee_hours,3,47.8133333333333
predictor_positive_nee_hours,4,142.190833333333
predictor_sofa_24h,1,3
predictor_sofa_24h,2,7
predictor_sofa_24h,3,9
predictor_sofa_24h,4,15
predictor_mean_map_4h,1,60.075
predictor_mean_map_4h,2,71.5
predictor_mean_map_4h,3,77.5
predictor_mean_map_4h,4,91.5
predictor_urine_output_24h_ml,1,60
predictor_urine_output_24h_ml,2,795
predictor_urine_output_24h_ml,3,1600.4
predictor_urine_output_24h_ml,4,4078
