icd_code,icd_version,shock_class,include_main
R570   ,10,CARDIOGENIC_SHOCK,t
78551  ,9,CARDIOGENIC_SHOCK,t
T8111XA,10,CARDIOGENIC_SHOCK,t
T8111  ,10,CARDIOGENIC_SHOCK,t
T8111XD,10,CARDIOGENIC_SHOCK,t
T8111XS,10,CARDIOGENIC_SHOCK,t
D62    ,10,HEMORRHAGE_NONSPECIFIC,f
2851   ,9,HEMORRHAGE_NONSPECIFIC,f
K922   ,10,HEMORRHAGE_NONSPECIFIC,f
I609   ,10,HEMORRHAGE_NONSPECIFIC,f
I619   ,10,HEMORRHAGE_NONSPECIFIC,f
R58    ,10,HEMORRHAGE_NONSPECIFIC,f
4590   ,9,HEMORRHAGE_NONSPECIFIC,f
I6200  ,10,HEMORRHAGE_NONSPECIFIC,f
I629   ,10,HEMORRHAGE_NONSPECIFIC,f
80120  ,9,HEMORRHAGE_NONSPECIFIC,f
O4693  ,10,HEMORRHAGE_NONSPECIFIC,f
O679   ,10,HEMORRHAGE_NONSPECIFIC,f
O4692  ,10,HEMORRHAGE_NONSPECIFIC,f
H1130  ,10,HEMORRHAGE_NONSPECIFIC,f
80020  ,9,HEMORRHAGE_NONSPECIFIC,f
80130  ,9,HEMORRHAGE_NONSPECIFIC,f
H3560  ,10,HEMORRHAGE_NONSPECIFIC,f
H4310  ,10,HEMORRHAGE_NONSPECIFIC,f
36361  ,9,HEMORRHAGE_NONSPECIFIC,f
80320  ,9,HEMORRHAGE_NONSPECIFIC,f
80070  ,9,HEMORRHAGE_NONSPECIFIC,f
O4691  ,10,HEMORRHAGE_NONSPECIFIC,f
80370  ,9,HEMORRHAGE_NONSPECIFIC,f
63410  ,9,HEMORRHAGE_NONSPECIFIC,f
63510  ,9,HEMORRHAGE_NONSPECIFIC,f
80030  ,9,HEMORRHAGE_NONSPECIFIC,f
80080  ,9,HEMORRHAGE_NONSPECIFIC,f
80170  ,9,HEMORRHAGE_NONSPECIFIC,f
80180  ,9,HEMORRHAGE_NONSPECIFIC,f
80420  ,9,HEMORRHAGE_NONSPECIFIC,f
63610  ,9,HEMORRHAGE_NONSPECIFIC,f
63710  ,9,HEMORRHAGE_NONSPECIFIC,f
64100  ,9,HEMORRHAGE_NONSPECIFIC,f
64180  ,9,HEMORRHAGE_NONSPECIFIC,f
64190  ,9,HEMORRHAGE_NONSPECIFIC,f
65600  ,9,HEMORRHAGE_NONSPECIFIC,f
66600  ,9,HEMORRHAGE_NONSPECIFIC,f
66610  ,9,HEMORRHAGE_NONSPECIFIC,f
66620  ,9,HEMORRHAGE_NONSPECIFIC,f
66700  ,9,HEMORRHAGE_NONSPECIFIC,f
66710  ,9,HEMORRHAGE_NONSPECIFIC,f
80330  ,9,HEMORRHAGE_NONSPECIFIC,f
80380  ,9,HEMORRHAGE_NONSPECIFIC,f
80430  ,9,HEMORRHAGE_NONSPECIFIC,f
80470  ,9,HEMORRHAGE_NONSPECIFIC,f
80480  ,9,HEMORRHAGE_NONSPECIFIC,f
H31309 ,10,HEMORRHAGE_NONSPECIFIC,f
H31319 ,10,HEMORRHAGE_NONSPECIFIC,f
O4400  ,10,HEMORRHAGE_NONSPECIFIC,f
O4410  ,10,HEMORRHAGE_NONSPECIFIC,f
O4420  ,10,HEMORRHAGE_NONSPECIFIC,f
O4430  ,10,HEMORRHAGE_NONSPECIFIC,f
O4440  ,10,HEMORRHAGE_NONSPECIFIC,f
O4450  ,10,HEMORRHAGE_NONSPECIFIC,f
O46    ,10,HEMORRHAGE_NONSPECIFIC,f
O468X9 ,10,HEMORRHAGE_NONSPECIFIC,f
O469   ,10,HEMORRHAGE_NONSPECIFIC,f
O4690  ,10,HEMORRHAGE_NONSPECIFIC,f
O67    ,10,HEMORRHAGE_NONSPECIFIC,f
P549   ,10,HEMORRHAGE_NONSPECIFIC,f
R571   ,10,HEMORRHAGIC_OR_HYPOVOLEMIC_SHOCK,t
T794XXA,10,HEMORRHAGIC_OR_HYPOVOLEMIC_SHOCK,t
9584   ,9,HEMORRHAGIC_OR_HYPOVOLEMIC_SHOCK,t
T794   ,10,HEMORRHAGIC_OR_HYPOVOLEMIC_SHOCK,t
T794XXD,10,HEMORRHAGIC_OR_HYPOVOLEMIC_SHOCK,t
T794XXS,10,HEMORRHAGIC_OR_HYPOVOLEMIC_SHOCK,t
