model,metric,estimate,ci_low,ci_high
without_dose_band,vent_risk_no,0.209867916879978,0.138772914707382,0.281201051994776
without_dose_band,vent_risk_yes,0.306500282123885,0.267058254464605,0.349287601733914
without_dose_band,vent_rd_pp,9.66323652439068,1.142348458781,17.7284929056191
without_dose_band,vent_or,1.66784220766936,1.05867253840243,2.84347654906649
without_dose_band,cvvh_risk_no,0.278933793346326,0.243498137885043,0.318998526174503
without_dose_band,cvvh_risk_yes,0.322717327865214,0.227603003194391,0.424008052675609
without_dose_band,cvvh_rd_pp,4.37835345188888,-5.81611322214899,15.3221415302158
without_dose_band,cvvh_or,1.23459564662172,0.734668200902213,2.0226875682288
with_dose_band,vent_risk_no,0.208969550063692,0.13636765959769,0.279789129102166
with_dose_band,vent_risk_yes,0.306819788131096,0.267154367020007,0.349125576492016
with_dose_band,vent_rd_pp,9.78502380674046,1.02987676151254,18.0044460029163
with_dose_band,vent_or,1.68053110635934,1.0505965728903,2.91153007371725
with_dose_band,cvvh_risk_no,0.280021106245325,0.244221052129549,0.31997831291742
with_dose_band,cvvh_risk_yes,0.316091530860415,0.22402647039871,0.418464836148427
with_dose_band,cvvh_rd_pp,3.60704246150894,-6.86149872503215,14.4241769407609
with_dose_band,cvvh_or,1.19090382286457,0.700901511792648,1.98143453431455
