database,model,metric,estimate,ci_low,ci_high
MIMIC-IV,without_dose_band,vent_risk_no,0.271249022544606,0.243725772411468,0.299547985564872
MIMIC-IV,without_dose_band,vent_risk_yes,0.419860967024957,0.389939763447489,0.450573950700053
MIMIC-IV,without_dose_band,vent_rd_pp,14.8611944480351,11.0291399875189,18.79219613838
MIMIC-IV,without_dose_band,vent_or,1.98945957063843,1.65557856166011,2.42401390258335
MIMIC-IV,without_dose_band,renal_risk_no,0.33348955836499,0.312099752347092,0.355085371010313
MIMIC-IV,without_dose_band,renal_risk_yes,0.482495714272963,0.406750973016915,0.565200630708811
MIMIC-IV,without_dose_band,renal_rd_pp,14.9006155907974,6.90357684082129,23.2562889720494
MIMIC-IV,without_dose_band,renal_or,1.91902423658802,1.36775486845562,2.74166820589192
MIMIC-IV,with_dose_band,vent_risk_no,0.270831668697655,0.24283323976048,0.299730505402793
MIMIC-IV,with_dose_band,vent_risk_yes,0.420282107412758,0.390070143990636,0.450939047646538
MIMIC-IV,with_dose_band,vent_rd_pp,14.9450438715103,11.0128497574188,19.1146481599709
MIMIC-IV,with_dose_band,vent_or,1.99788671155555,1.6679504515404,2.43290295612203
MIMIC-IV,with_dose_band,renal_risk_no,0.333320143903155,0.311483843087342,0.35485484195087
MIMIC-IV,with_dose_band,renal_risk_yes,0.483923198544092,0.409030610388601,0.566482214707774
MIMIC-IV,with_dose_band,renal_rd_pp,15.0603054640937,7.12215814193613,23.4241447003998
MIMIC-IV,with_dose_band,renal_or,1.93255537551565,1.38598328287273,2.75587069486999
SICdb,without_dose_band,vent_risk_no,0.259863222342903,0.232264874311114,0.28666093479915
SICdb,without_dose_band,vent_risk_yes,0.485023648949002,0.43643244588979,0.532915334309499
SICdb,without_dose_band,vent_rd_pp,22.5160426606099,17.1975397747083,28.3324590585332
SICdb,without_dose_band,vent_or,2.73279371644252,2.18221275620291,3.57887769221858
SICdb,without_dose_band,renal_risk_no,0.322674796692863,0.297513249289588,0.346832554872906
SICdb,without_dose_band,renal_risk_yes,0.501879293668686,0.395092320457643,0.621381792651331
SICdb,without_dose_band,renal_rd_pp,17.9204496975823,7.08410190207402,29.9115564326416
SICdb,without_dose_band,renal_or,2.22726217675449,1.39745450709763,3.73549737441584
SICdb,with_dose_band,vent_risk_no,0.262216682015827,0.234121929049999,0.28897637233267
SICdb,with_dose_band,vent_risk_yes,0.47889228762681,0.429086738694276,0.5259320017445
SICdb,with_dose_band,vent_rd_pp,21.6675605610983,16.3126051048082,27.4948774096819
SICdb,with_dose_band,vent_or,2.63685587683844,2.08855161875486,3.45372408524331
SICdb,with_dose_band,renal_risk_no,0.32305101480757,0.298076636084372,0.347097202041234
SICdb,with_dose_band,renal_risk_yes,0.495623707858138,0.387645182992514,0.615426266077108
SICdb,with_dose_band,renal_rd_pp,17.2572693050568,6.33179582472588,29.4830080218881
SICdb,with_dose_band,renal_or,2.16718477045905,1.34523219667782,3.69520019500591
AmsterdamUMCdb,without_dose_band,vent_risk_no,0.209867916879978,0.138772914707382,0.281201051994776
AmsterdamUMCdb,without_dose_band,vent_risk_yes,0.306500282123885,0.267058254464605,0.349287601733914
AmsterdamUMCdb,without_dose_band,vent_rd_pp,9.66323652439068,1.142348458781,17.7284929056191
AmsterdamUMCdb,without_dose_band,vent_or,1.66784220766936,1.05867253840243,2.84347654906649
AmsterdamUMCdb,without_dose_band,renal_risk_no,0.278933793346326,0.243498137885043,0.318998526174503
AmsterdamUMCdb,without_dose_band,renal_risk_yes,0.322717327865214,0.227603003194391,0.424008052675609
AmsterdamUMCdb,without_dose_band,renal_rd_pp,4.37835345188888,-5.81611322214899,15.3221415302158
AmsterdamUMCdb,without_dose_band,renal_or,1.23459564662172,0.734668200902213,2.0226875682288
AmsterdamUMCdb,with_dose_band,vent_risk_no,0.208969550063692,0.13636765959769,0.279789129102166
AmsterdamUMCdb,with_dose_band,vent_risk_yes,0.306819788131096,0.267154367020007,0.349125576492016
AmsterdamUMCdb,with_dose_band,vent_rd_pp,9.78502380674046,1.02987676151254,18.0044460029163
AmsterdamUMCdb,with_dose_band,vent_or,1.68053110635934,1.0505965728903,2.91153007371725
AmsterdamUMCdb,with_dose_band,renal_risk_no,0.280021106245325,0.244221052129549,0.31997831291742
AmsterdamUMCdb,with_dose_band,renal_risk_yes,0.316091530860415,0.22402647039871,0.418464836148427
AmsterdamUMCdb,with_dose_band,renal_rd_pp,3.60704246150894,-6.86149872503215,14.4241769407609
AmsterdamUMCdb,with_dose_band,renal_or,1.19090382286457,0.700901511792648,1.98143453431455
