interface,metric,estimate,lower95,upper95
legacy_case_level,c_statistic,0.659098601083033,0.615692512081882,0.699200998290075
legacy_case_level,calibration_intercept_offset,0.218059653896691,0.0811680239312733,0.362971715503264
legacy_case_level,calibration_slope_joint,1.58630113292406,1.11550892578177,2.09647248854875
legacy_case_level,calibration_intercept_joint,0.697316841001591,0.294046294713652,1.14737914842361
legacy_case_level,brier,0.216372965019966,0.203946225422468,0.229962319768369
legacy_case_level,observed_risk,0.351077313054499,0.319790752261364,0.384127937374853
legacy_case_level,mean_prediction,0.304514408453598,0.298967582911379,0.309853383013366
recorded_crrt_pre6h,c_statistic,0.659098601083033,0.615692512081882,0.699200998290075
recorded_crrt_pre6h,calibration_intercept_offset,0.218059653896691,0.0811680239312733,0.362971715503264
recorded_crrt_pre6h,calibration_slope_joint,1.58630113292406,1.11550892578177,2.09647248854875
recorded_crrt_pre6h,calibration_intercept_joint,0.697316841001591,0.294046294713652,1.14737914842361
recorded_crrt_pre6h,brier,0.216372965019966,0.203946225422468,0.229962319768369
recorded_crrt_pre6h,observed_risk,0.351077313054499,0.319790752261364,0.384127937374853
recorded_crrt_pre6h,mean_prediction,0.304514408453598,0.298967582911379,0.309853383013366
