panel,database,support,label,estimate,lower,upper,OR,OR_lower,OR_upper,RD_display,OR_display
A,MIMIC-IV,ventilation,Mechanical ventilation — MIMIC-IV,15.1627298778186,11.2728283801695,19.2950418136702,2.03703041334554,1.69109625849675,2.48432703640857,15.2 (11.3 to 19.3),2.04 (1.69 to 2.48)
A,SICdb,ventilation,"Ventilation — SICdb
(airway/device signal)",21.3713103099209,15.9846448508142,26.8725806796243,2.6070279857499,2.06496981023205,3.3698304721003,21.4 (16.0 to 26.9),2.61 (2.06 to 3.37)
A,AmsterdamUMCdb,ventilation,"Ventilation — AmsterdamUMCdb
(recorded process)",9.66323652439068,1.142348458781,17.7284929056191,1.66784220766936,1.05867253840243,2.84347654906649,9.7 (1.1 to 17.7),1.67 (1.06 to 2.84)
A,MIMIC-IV,renal,Renal replacement therapy — MIMIC-IV,12.9416652160425,5.24717376180861,21.2462389666148,1.77744509995284,1.27407390617335,2.53752277854899,12.9 (5.3 to 21.3),1.78 (1.27 to 2.54)
A,SICdb,renal,"Renal support — SICdb
(recorded CRRT, preceding 6 h)",16.9246441907144,5.70939501214391,28.3208883714397,2.1390497483279,1.30464582482543,3.54034322680099,16.9 (5.7 to 28.3),2.14 (1.30 to 3.54)
A,AmsterdamUMCdb,renal,"Renal support — AmsterdamUMCdb
(recorded CVVH process)",4.37835345188888,-5.81611322214899,15.3221415302158,1.23459564662172,0.734668200902213,2.0226875682288,4.4 (−5.8 to 15.3),1.23 (0.73 to 2.02)
B,MIMIC-IV,ventilation,MIMIC-IV,0.0838494234751348,-0.588256718798987,0.717205134935718,,,,0.1 (−0.6 to 0.7),
B,SICdb,ventilation,SICdb,-0.8484820995116,-2.06752432435848,0.43584075093081,,,,−0.9 (−2.1 to 0.4),
B,AmsterdamUMCdb,ventilation,AmsterdamUMCdb,0.12178728234978,-0.591938118715186,0.99678427585892,,,,0.1 (−0.6 to 1.0),
