term,pooled_log_odds,bootstrap_ci_lower,bootstrap_ci_upper,exponentiated_pooled_coefficient,exponentiated_ci_lower,exponentiated_ci_upper
(Intercept),-2.26610749776858,-2.82942146029441,-1.33053997715831,0.103715106662163,0.0590470048263837,0.264334488170413
predictor_age_rcs1,0.00165195767957856,-0.00289478558843676,0.00469595350487252,1.00165332291333,0.997109400263343,1.00470699677399
predictor_age_rcs2,-0.000390048645090669,-0.00276993376060283,0.00181600866946551,0.999610027413993,0.9972338989663,1.00181765861183
predictor_age_rcs3,-0.0105943558018858,-0.036543198973122,0.02032277603831,0.989461566723601,0.96411644415636,1.0205306897238
predictor_episode_peak_nee_rcs1,-0.00963779215553231,-0.0291015951673524,0.0190984979951318,0.990408502517765,0.971317778261434,1.01928204091061
predictor_episode_peak_nee_rcs2,3.28499544139799e-05,-0.0312002297775399,0.0274675580028456,1.00003285049398,0.969281474630491,1.02784826911573
predictor_episode_peak_nee_rcs3,0.00243727008875941,-0.0555363448925586,0.0508182013355657,1.00244024264599,0.945977641589885,1.05213159977563
predictor_last_positive_nee_rcs1,0.713670732227573,-0.0606368253161285,1.37522229425074,2.04147121597176,0.941164985011547,3.95595601146411
predictor_last_positive_nee_rcs2,1.02815531188664,0.0468257119828138,2.07919051486804,2.79590350475731,1.04793934989104,7.9979920375424
predictor_last_positive_nee_rcs3,2.25341859738196,-0.0416770900809606,4.90951860074614,9.5202260891537,0.959179459132147,135.574133409948
predictor_positive_nee_hours_rcs1,0.00248569893217458,0.00123064429686133,0.00332037143540861,1.00248879084309,1.00123140185028,1.00332588997482
predictor_positive_nee_hours_rcs2,0.00373306587480694,0.00216525992620068,0.00470051158451725,1.00374004244385,1.00216760579431,1.00471157631894
predictor_positive_nee_hours_rcs3,0.006975814489711,0.00392437410103942,0.00909850856924272,1.00700020215858,1.00393208454,1.00914002581782
predictor_sofa_24h_rcs1,0.00896890714044482,-0.00757511872623313,0.0272265627735494,1.00900924830328,0.99245350017617,1.02760059243208
predictor_sofa_24h_rcs2,0.0177620964346949,0.00550173843658493,0.0324070367248518,1.01792078059841,1.00551690079318,1.03293786339362
predictor_sofa_24h_rcs3,0.191263631276197,0.0525293320693948,0.277802189970199,1.21077860911948,1.053933475675,1.3202250176279
predictor_mean_map_4h_rcs1,0.00377633726534501,-0.00300560890593425,0.00982645316101002,1.00378347661095,0.996998903414624,1.00987489128017
predictor_mean_map_4h_rcs2,0.00197159152712175,-0.00126590085793281,0.00590727607524187,1.00197353639165,0.998734900056563,1.00592475843798
predictor_mean_map_4h_rcs3,0.0119827663674792,-0.0178254658977348,0.0398374455891809,1.01205484733446,0.982332467912603,1.04064159956063
predictor_urine_output_24h_ml_rcs1,3.92867361119291e-05,-1.16000932675321e-05,7.13618311039723e-05,1.00003928750785,0.999988399974013,1.00007136437742
predictor_urine_output_24h_ml_rcs2,1.42089334685612e-05,-2.22232174064158e-05,4.696157314334e-05,1.00001420903442,0.999977777029527,1.00004696267586
predictor_urine_output_24h_ml_rcs3,-1.5766314493084e-06,-0.000100280172255081,0.000115320455322176,0.999998423369794,0.999899724855633,1.00011532710498
predictor_female,-0.0228922786907287,-0.151844150285604,0.0995383599995863,0.977367761437753,0.859122164251929,1.10466084471676
predictor_multivaso_peak,-0.119992230406439,-0.24259325682788,0.0605170852605405,0.886927327755242,0.784590575738611,1.06238574855258
predictor_mechanical_ventilation_t0,0.472726682800275,0.212812511804561,0.578529777087958,1.60436282309186,1.23715267797508,1.78341448549227
predictor_rrt_t0,0.370573569594257,0.0771268002034073,0.599525121158309,1.44856522940376,1.08017903463056,1.82125372014556
predictor_map_source_invasive,0.279712769433726,0.0979446666505827,0.400595135140113,1.32274982358699,1.10290175617181,1.49271279918573
predictor_mean_heart_rate_4h,0.00386968395529439,-0.00067482980156362,0.00719082935421504,1.00387718084934,0.999325397844857,1.00721674544978
