variable,measure,estimate,lower95,upper95
predictor_mechanical_ventilation_t0,risk_low,0.287603129192001,0.259561756957955,0.315798661611354
predictor_rrt_t0,risk_low,0.360271610651297,0.336140220974286,0.384533699006158
predictor_positive_nee_hours,risk_low,0.348745453138221,0.312183321438961,0.386640176863628
predictor_episode_peak_nee,risk_low,0.349469714171459,0.319233733125745,0.379981793117607
predictor_mechanical_ventilation_t0,risk_high,0.533686492025173,0.491121702795051,0.581212007613349
predictor_rrt_t0,risk_high,0.500898924583519,0.396851936156764,0.62137677076242
predictor_positive_nee_hours,risk_high,0.410450693346622,0.370491012934638,0.449907886215279
predictor_episode_peak_nee,risk_high,0.370517579813986,0.332591431894012,0.412840129790883
predictor_mechanical_ventilation_t0,risk_difference_pp,24.6083362833172,19.1433272797688,29.9554346261437
predictor_rrt_t0,risk_difference_pp,14.0627313932221,3.28416834127499,25.6151784078769
predictor_positive_nee_hours,risk_difference_pp,6.1705240208401,1.55343456027432,10.5203590129892
predictor_episode_peak_nee,risk_difference_pp,2.10478656425266,-2.73069544190102,7.11112401953453
predictor_mechanical_ventilation_t0,OR,2.95075255164193,2.34639371689004,3.76050478335199
predictor_rrt_t0,OR,1.89677713853483,1.16875847882432,3.21961844477228
predictor_positive_nee_hours,OR,1.33271267800256,1.07441223428904,1.63341123505638
predictor_episode_peak_nee,OR,1.10623159345719,0.879985653008525,1.40324301811133
