model,variable,reference,comparison,estimate,lower95,upper95,measure,unit
core12_same846,predictor_mechanical_ventilation_t0,0,1,0.286306065658939,0.247091819126514,0.326676110400419,risk_low,probability
core12_same846,predictor_rrt_t0,0,1,0.361383788419046,0.329385619978847,0.394229632578628,risk_low,probability
core12_same846,predictor_positive_nee_hours,24,48,0.354634036811359,0.311906748490605,0.402927988812942,risk_low,probability
core12_same846,predictor_episode_peak_nee,0.15,0.3,0.361952811175022,0.317758840364211,0.405530618304166,risk_low,probability
sofa15_same846,predictor_mechanical_ventilation_t0,0,1,0.288158465285125,0.249197698424444,0.328782283822891,risk_low,probability
sofa15_same846,predictor_rrt_t0,0,1,0.361606029381003,0.329385091731482,0.393642965827744,risk_low,probability
sofa15_same846,predictor_positive_nee_hours,24,48,0.357503306199018,0.314946532768357,0.404159128070499,risk_low,probability
sofa15_same846,predictor_episode_peak_nee,0.15,0.3,0.360980976893683,0.317661792439374,0.404867598717572,risk_low,probability
core12_same846,predictor_mechanical_ventilation_t0,0,1,0.523066919703816,0.468030061124586,0.586262938413018,risk_high,probability
core12_same846,predictor_rrt_t0,0,1,0.506499606666605,0.387665004716451,0.632533370207017,risk_high,probability
core12_same846,predictor_positive_nee_hours,24,48,0.377606954307267,0.333929408673655,0.419908391036097,risk_high,probability
core12_same846,predictor_episode_peak_nee,0.15,0.3,0.374180331294217,0.32363816459043,0.430715154970022,risk_high,probability
sofa15_same846,predictor_mechanical_ventilation_t0,0,1,0.519726539816476,0.462860340432357,0.584697464763312,risk_high,probability
sofa15_same846,predictor_rrt_t0,0,1,0.503143894305241,0.376812080874794,0.63810949860322,risk_high,probability
sofa15_same846,predictor_positive_nee_hours,24,48,0.374427252915934,0.329713122076631,0.417411604315898,risk_high,probability
sofa15_same846,predictor_episode_peak_nee,0.15,0.3,0.376446900446615,0.324823476923125,0.434558274189754,risk_high,probability
core12_same846,predictor_mechanical_ventilation_t0,0,1,23.6760854044877,16.4900628369042,31.4702884485249,risk_difference_pp,percentage_points
core12_same846,predictor_rrt_t0,0,1,14.5115818247559,2.40839540495614,27.3916929355455,risk_difference_pp,percentage_points
core12_same846,predictor_positive_nee_hours,24,48,2.29729174959075,-3.59821066199048,7.73029180165094,risk_difference_pp,percentage_points
core12_same846,predictor_episode_peak_nee,0.15,0.3,1.22275201191958,-5.39523573723697,7.85514367287009,risk_difference_pp,percentage_points
sofa15_same846,predictor_mechanical_ventilation_t0,0,1,23.1568074531351,15.6837698845124,31.2596177588063,risk_difference_pp,percentage_points
sofa15_same846,predictor_rrt_t0,0,1,14.1537864924238,1.41121545897309,28.2363031374867,risk_difference_pp,percentage_points
sofa15_same846,predictor_positive_nee_hours,24,48,1.69239467169154,-4.41965665289261,7.12171472549876,risk_difference_pp,percentage_points
sofa15_same846,predictor_episode_peak_nee,0.15,0.3,1.54659235529313,-5.08763450636184,8.01152923415906,risk_difference_pp,percentage_points
core12_same846,predictor_mechanical_ventilation_t0,0,1,2.77671373511105,2.05617566061444,4.0048116932262,OR,odds_ratio
core12_same846,predictor_rrt_t0,0,1,1.90299578737775,1.12349109720129,3.39620605568149,OR,odds_ratio
core12_same846,predictor_positive_nee_hours,24,48,1.11365968446523,0.840452337901274,1.43702368351704,OR,odds_ratio
core12_same846,predictor_episode_peak_nee,0.15,0.3,1.05895007479954,0.772292837266747,1.43796694025598,OR,odds_ratio
sofa15_same846,predictor_mechanical_ventilation_t0,0,1,2.7283855003444,2.0117545371133,4.00122014975162,OR,odds_ratio
sofa15_same846,predictor_rrt_t0,0,1,1.87860678426571,1.06799104175987,3.65397932081038,OR,odds_ratio
sofa15_same846,predictor_positive_nee_hours,24,48,1.08293452675855,0.809285412577559,1.40148720539909,OR,odds_ratio
sofa15_same846,predictor_episode_peak_nee,0.15,0.3,1.07539223249306,0.780170442786828,1.45520398746611,OR,odds_ratio
