Term,Log-odds coefficient,95% bootstrap interval
Intercept,-2.2661,-2.8294 to -1.3305
"Age (years), spline basis 1",0.0017,-0.0029 to 0.0047
"Age (years), spline basis 2",-0.0004,-0.0028 to 0.0018
"Age (years), spline basis 3",-0.0106,-0.0365 to 0.0203
"Peak NEE (μg/kg/min), spline basis 1",-0.0096,-0.0291 to 0.0191
"Peak NEE (μg/kg/min), spline basis 2",0.0000,-0.0312 to 0.0275
"Peak NEE (μg/kg/min), spline basis 3",0.0024,-0.0555 to 0.0508
"Last positive NEE (μg/kg/min), spline basis 1",0.7137,-0.0606 to 1.3752
"Last positive NEE (μg/kg/min), spline basis 2",1.0282,0.0468 to 2.0792
"Last positive NEE (μg/kg/min), spline basis 3",2.2534,-0.0417 to 4.9095
"Positive exposure (h), spline basis 1",0.0025,0.0012 to 0.0033
"Positive exposure (h), spline basis 2",0.0037,0.0022 to 0.0047
"Positive exposure (h), spline basis 3",0.0070,0.0039 to 0.0091
"SOFA, spline basis 1",0.0090,-0.0076 to 0.0272
"SOFA, spline basis 2",0.0178,0.0055 to 0.0324
"SOFA, spline basis 3",0.1913,0.0525 to 0.2778
"Mean arterial pressure (mmHg), spline basis 1",0.0038,-0.0030 to 0.0098
"Mean arterial pressure (mmHg), spline basis 2",0.0020,-0.0013 to 0.0059
"Mean arterial pressure (mmHg), spline basis 3",0.0120,-0.0178 to 0.0398
"Urine output (mL), spline basis 1",0.0000,-0.0000 to 0.0001
"Urine output (mL), spline basis 2",0.0000,-0.0000 to 0.0000
"Urine output (mL), spline basis 3",-0.0000,-0.0001 to 0.0001
Female sex,-0.0229,-0.1518 to 0.0995
Multiple agents at peak,-0.1200,-0.2426 to 0.0605
Ventilation,0.4727,0.2128 to 0.5785
Renal replacement therapy,0.3706,0.0771 to 0.5995
Invasive pressure source,0.2797,0.0979 to 0.4006
Heart rate (beats/min),0.0039,-0.0007 to 0.0072
