Characteristic,All 779 events
Age 18-39,Not disclosed
Age 40-49,Not disclosed
Age 50-59,Not disclosed
Age 60-69,Not disclosed
Age 70-79,Not disclosed
Age 80+,Not disclosed
Female,Not disclosed
Male,Not disclosed
Sex indeterminate,Not disclosed
Peak four-drug NEE <0.20,Not disclosed
Peak four-drug NEE 0.20-<0.50,Not disclosed
Peak four-drug NEE ≥0.50,Not disclosed
Peak four-drug NEE unknown,Not disclosed
Cumulative positive exposure hours,Not disclosed
Recorded ventilation process covering withdrawal,Not disclosed
Recorded CVVH process covering withdrawal,Not disclosed
Multidrug status at peak,Not disclosed
Numeric lactate,Not disclosed
